問題,元の過去問,回答,他の選択肢,他の選択肢,他の選択肢
特定の企業やグループなどが採用した仕様が広く利用されるようになり、事実上の業界標準になったもの,H21A001,デファクトスタンダード,JIS,ISO,
工業製品に関して、日本工業規格として定めたもの,H21A001,JIS,デファクトスタンダード,ISO,
工業や科学技術に関して、国際標準化機構が定めた規格,H21A001,ISO,JIS,デファクトスタンダード,
その要因となっている複数の事象の構成比率を明らかにして、主要な要因を把握するために用いる図,H21A002,パレート図,,,
原材料の使用量を減らすとともに、消費電力を少なくした製品を提供することこと,H21A003,CSR,バリューエンジニアリング,フレキシブル生産方法,M&A
自社製品に新しい機能を付加し、他社製品と差別化した製品を提供すること,H21A003,バリューエンジニアリング,CSR,フレキシブル生産方法,M&A
セル生産方式を導入し、市場の多様なニーズに合わせた製品を提供すること,H21A003,フレキシブル生産方法,バリューエンジニアリング,CSR,M&A
他企業の買収によって、自社がもっていなかった製品を提供すること,H21A003,M&A,バリューエンジニアリング,フレキシブル生産方法,CSR
顧客に応じた商品の推薦に最適な技術,H21A004,データマイニング,,,
サービス提供事業者が、利用者の通信機器やサーバーを自社の建物内に設置し運用するサービス,H21A006,ハウジングサービス,ASP,MSP,ホスティングサービス
サービス提供事業者が、インターネット経由で業務ソフトウェアを提供するサービス,H21A006,ASP,ハウジングサービス,MSP,ホスティングサービス
サービス提供事業者が、ほかの企業の情報システムに関する企画や開発、運用、管理、保守業務を行うサービス,H21A006,MSP,ハウジングサービス,ASP,ホスティングサービス
サービス提供事業者が、利用者に自社の建物内に設置したサーバや通信機器を貸し出すサービス,H21A006,ホスティングサービス,ハウジングサービス,ASP,MSP
自社では工場をもたずに製品の企画を行い、ほかの企業に生産委託する企業形態のこと,H21A008,ファブレス,OEM,SPA,ODM
相手先の商標やブランドで製造し、供給すること,H21A008,OEM,ファブレス,SPA,ODM
製品の企画から製造、販売までの機能を垂直統合した製造小売業のこと,H21A008,SPA,OEM,ファブレス,ODM
製品の設計、試作、製造を一括して生産受託するサービスのこと,H21A008,ODM,ファブレス,SPA,OEM
2人又はそれ以上の上司から指揮命令を受けるが、プロジェクトの目的別管理と職能部門の職能的責任との調和を図る組織構造,H21A009,マトリックス組織,事業部制組織,社内ベンチャ組織,職能別組織
業務で利用するデータの構造を分析し、抽出したエンティティとエンティティ間の関係をE-R図などで整理する手法,H21A014,データモデリング,データクリーニング,データクレンジング,データマイニング
顧客のニーズや欲求に対する理解が深まり、長期的な関係を築きやすくなる,H21A015,CRM,債権管理システム,SCM,SFA
売掛金に対する顧客の支払い状況を把握しやすくなるシステム,H21A015,債権管理システム,SCM,SFA,CRM
顧客が発注してから納品するまでの時間を短縮しやすくなるシステム,H21A015,SCM,SFA,債権管理システム,CRM
顧客に対するアプローチ方法を営業部門全体で共有しやすくなるシステム,H21A015,SFA,CRM,債権管理システム,SCM
一会計期間ごとに決算を行い、賃借対応表や損益計算書などの財務諸表の作成が強制される会計,H21A018,財務会計,管理会計,-,-
企業の経営者が株主や債権者などの企業外務の利害関係者に対して会計報告を行うこと,H21A018,財務会計,管理会計,-,-
財務諸表規則や企業会計原則、各種会計基準などの会計法規に準拠した会計処理を行う会計の事,H21A018,財務会計,管理会計,-,-
部門、製品、地域別などの予算統制、利益管理、業績管理など、敬遠判断のための内部報告書を作成すること,H21A018,管理会計,財務会計,-,-
システム利用者のニースの管理を行うこと,H21A019,要件定義プロセス,企画プロセス,開発プロセス,-
システム化計画の作成と承認を行うこと,H21A019,企画プロセス,開発プロセス,要件定義プロセス,-
システム詳細設計の実施をすること,H21A019,開発プロセス,要件定義プロセス,企画プロセス,-
システム投資効果とシステム化費用の予測を行うこと,H21A019,企画プロセス,開発プロセス,要件定義プロセス,-
従来、代理店を通じて販売していた商品のECサイトでの直販を開始する場合のビジネス手法,H21A022,4PのPlace,,,
PCやインターネットなどのITを利用する能力や機会の違いによって、経済的又は社会的な格差が生じること,H21A024,ディジタルディバイト,アクセシビリティ,ダイバーシティ,ディジタルデモクラシー
個人のホームページなどに企業の広告やWebサイトへのリンクを掲載し、誘導実績に応じた報酬を支払う仕組み,H21A026,アフィリエイト広告,オプトインメール,SEO,バナー
あらかじめ受信者の許可を得て、興味のある分野の広告を電子メールで送ること。,H21A026,オプトインメール,アフィリエイト広告,SEO,バナー
自社のWebサイトを検索エンジンの検索結果の上位に掲載させること。,H21A026,SEO,アフィリエイト広告,オプトインメール,バナー
大規模なポータルサイトなどに自社のWebサイトへの入り口となる画像を設置し、誘導すること。,H21A026,バナー,アフィリエイト広告,オプトインメール,SEO
製品やサービスの価値を機能とコストの関係で把握し、体系化された手順によって価値の向上を図る手法,H21A027,バリューエンジニアリング,重要成功要因,バリューチェーン,付加価値分析
あるシステムの開発において、システムを24時間連続稼働させることになった。稼働時間について利用部門と取り決めを行う工程,H21A032,システム要件定義,システム結合テスト,システムテスト,ソフトウェア方式設計
データ定義を明確に規定する段階,H21A037,ソフトウェア要件,システム要件定義,企画プロセス,ソフトウェア詳細設計
開発環境のディスク容量を明確に規定する段階,H21A037,システム要件定義,ソフトウェア要件,企画プロセス,ソフトウェア詳細設計
システム化の目標を明確に規定する段階,H21A037,企画プロセス,ソフトウェア要件,システム要件定義,ソフトウェア詳細設計
データベースの最上位レベルの設計を明確に規定する段階,H21A037,ソフトウェア詳細設計,ソフトウェア要件,システム要件定義,企画プロセス
障害の引き起こす可能性のあるプログラムを見つけ、あらかじめ修正すること,H21A038,ソフトウェア保守,プロジェクト管理,ハードウェア保守,-
工程内に開発が終わらないことがわかり、あらかじめ開発要因を増員する,H21A038,プロジェクト管理,ハードウェア保守,ソフトウェア保守,-
取り扱うデータ量が増えてきたので、あらかじめディスクを容量の大きなものに変更した,H21A038,ハードウェア保守,ソフトウェア保守,プロジェクト管理,-
IT関連設備について、最適な使われ方をしているかを常に監視改善すること,H21A040,ファシリティマネジメント,CIM,CRM,SCM
工場の生産ラインの制御にコンピュータやネットワークを利用して、総合的に管理すること,H21A040,CIM,CRM,SCM,ファシリティマネジメント
顧客データベースで顧客に関する情報を管理することによって、企業が顧客と長期的な関係を築くこと,H21A040,CRM,SCM,ファシリティマネジメント,CIM
取引先との受発注、資材の調達から在庫管理、製品の配送などといった事業活動にITを使用して、総合的に管理すること,H21A040,SCM,ファシリティマネジメント,CIM,CRM
ITに関するサービスを提供する企業が、顧客の要求事項を満たすために、運営管理されたサービスを効果的に提供すること,H21A042,ITサービスマネジメント,フィージビリティ,ナレッジマネジメント,プロダクトポートフォリオ
ITに関する新製品や、新サービス、新制度について、事業活動として実現する可能性を検証すること,H21A042,フィージビリティ,ナレッジマネジメント,プロダクトポートフォリオ,ITサービスマネジメント
ITを活用して、組織の中にある過去の経験から得られた知識を整理・管理し、社員が共有することによって効率的にサービスを提供すること,H21A042,ナレッジマネジメント,プロダクトポートフォリオ,ITサービスマネジメント,フィージビリティ
企業が販売しているITに関するサービスについて、市場占有率と業界成長率を図に表し、その位置関係からサービスの在り方について戦略を立てること,H21A042,プロダクトポートフォリオ,ITサービスマネジメント,フィージビリティ,ナレッジマネジメント
外部設計の担当者が設計すべきテストケース,H21A050,システムテスト,結合テスト,単体テスト,運用テスト
内部設計の担当者が設計すべきテストケース,H21A050,結合テスト,単体テスト,運用テスト,システムテスト
プログラム開発の担当者が設計すべきテストケース,H21A050,単体テスト,運用テスト,システムテスト,結合テスト
利用部門の担当者が設計すべきテストケース,H21A050,運用テスト,システムテスト,結合テスト,単体テスト
あらかじめ定義されたIT資産の情報を管理する,H21A053,サービスサポートの構成管理,,,
ファイル転送や電子メールなどのアプリケーションごとの情報の出入り口を示す値,H21A055,ポート番号,MACアドレス,IPアドレス,-
コンピュータやルータにおいてEthernetに接続する物理ポートがもつ固有の値,H21A055,MACアドレス,ポート番号,IPアドレス,-
スイッチングアブにおける物理的なポートの位置を示す値,H21A055,MACアドレス,IPアドレス,ポート番号,-
パケットの送受信においてコンピュータやネットワーク機器を識別する値,H21A055,IPアドレス,MACアドレス,ポート番号,-
インターネットなどのネットワークを介して、自分自身の複製を電子メールに添付して勝手に送信したり、ネットワーク上のほかのコンピュータに自分自身をコピーしたりして、事故増殖するプログラム,H21A058,ワーム,クッキー,スパイウェア,トロイの木馬
主記憶の容量よりも大きなプログラムも実行できるようにする,H21A059,仮想記憶方式,メモリ保護,ハイバネーション,キャッシュメモリ
OSが使用している主記憶の領域などに、アプリケーションプログラムがアクセスすることを防止する,H21A059,メモリ保護,ハイバネーション,キャッシュメモリ,仮想記憶方式
主記憶の情報をハードディスクに書き出してから電力供給を停止することで、作業休止中の消費電力を少なくする,H21A059,ハイバネーション,キャッシュメモリ,仮想記憶方式,メモリ保護
主記憶よりもアクセスが高速なメモリを介在させることによって、CPUの処理を高速化する。,H21A059,キャッシュメモリ,仮想記憶方式,メモリ保護,ハイバネーション
コンピュータシステムが単位時間当たりに処理できるジョブやトランザクションなどの処理件数のこと、コンピュータの処理能力を表す。,H21A061,スループット,アクセスタイム,タイムスタンプ,レスポンスタイム
関係データベースを利用する際に、データが重複したり、データの更新の際に矛盾が生じたりしないようにするためにやること,H21A063,データの正規化,,,
セキュリティ事故の例のうち、大雨によってサーバ室に水が入り、機器が停止する脅威,H21A066,物理的脅威,技術的脅威,人的脅威,-
セキュリティ事故の例のうち、外部から公開サーバに大量のデータが送られて、公開サーバーが停止する脅威,H21A066,技術的脅威,物理的脅威,人的脅威,-
攻撃者がネットワークを介して社内のサーバに侵入し、ファイルを破壊する脅威,H21A066,技術的脅威,物理的脅威,人的脅威,-
社員がコンピュータを誤操作し、データが破壊されるような脅威,H21A066,人的脅威,技術的脅威,物理的脅威,-
人間がシステムの操作を誤ってもシステムの安全性と信頼性を保持すること,H21A067,フールプルーフ,フェールセーフ,フォールトトレラント,フォールトアポインダンス
故障などでシステムに障害が発生した際に、被害を最小限にとどめるようにシステムを安全な状態にとどめる。,H21A067,フェールセーフ,フォールトトレラント,フォールトアポインダンス,フールプルーフ
システム障害は必ず発生するという発想のもと、故障の影響を最小限に抑えるために、機器の多重化などの仕組みを作る,H21A067,フォールトトレラント,フォールトアポインダンス,フールプルーフ,フェールセーフ
システムに故障が発生する確率を限りなくゼロに近づけていくこと,H21A067,フォールトアポインダンス,フールプルーフ,フェールセーフ,フォールトトレラント
サーバからダウンロードされ、クライアントであるWebブラウザに組み込まれて実行されるプログラムのこと,H21A068,アプレット,Coccie,HTML,SQL
WebブラウザがWebサイトにアクセスしたときにWebサイトから送信され、利用者用のPCに保存される文書ファイル,H21A068,Coccie,HTML,SQL,アプレット
Webページを作成するための言語,H21A068,HTML,SQL,アプレット,Coccie
データベースを操作して、データの追加や変更、削除、検索などの処理を行うための言語,H21A068,SQL,アプレット,Coccie,HTML
受信者の承諾なしに無差別に送付されるメール,H21A071,スパムメール,メーリングリスト,チェーンメール,掲示板
特定の目的のもとにあらかじめ登録した参加者全員に同じメールを配信すること,H21A071,メーリングリスト,チェーンメール,掲示板,スパムメール
メールの主人者が複数の相手に同一内容のメールの送信や転送を行い、受信者が増加し続けるメールのとこ,H21A071,チェーンメール,掲示板,スパムメール,メーリングリスト
メールやWebページを用いてメッセージを書き込み、不特定多数の相手と情報交換ができるコンピュータを用いたメッセージ交換システムのこと,H21A071,掲示板,スパムメール,メーリングリスト,チェーンメール
多数のPCに感染して、ネットワークを通じた指示に従ってPCを不正に操作することで一斉攻撃などの動作を行うプログラムのこと,H21A073,ボット,ワンクリック詐欺,rootkit,スパイウェア
Webサイトの閲覧や画像のクリックだけで料金を請求する詐欺のこと,H21A073,ワンクリック詐欺,rootkit,スパイウェア,ボット
攻撃者がPCへの侵入後に利用するために、ログの消去やバックドアなどの攻撃ツールをパッケージ化して隠しておく仕組みのこと,H21A073,rootkit,スパイウェア,ボット,ワンクリック詐欺
利用者の意図に反してインストールされ、利用者の個人情報やアクセス履歴などの情報を収集するプログラムのこと,H21A073,スパイウェア,ボット,ワンクリック詐欺,rootkit
ブログやニュースサイト、電子掲示板などのWebサイトで、効率の良い情報収集や情報発信を行うために用いられており、ページの見出しやようやく、更新時刻などのメタデータを、構造化して記述するためのXMLベースの文書形式,H21A075,RSS,API,OPEN XML,XHTML
収容局から家庭までの加入者線が光ファイバーケーブルであるもの,H21A077,FTTH,ADSL,HDSL,ISDN
複数のハードディスクに分散してデータを書き込み、高速性や耐故障性を高める。,H21A078,RAID,,,
ファイアウォールを設置することで、インターネットからもイントラネットからもアクセスは可能だが、イントラネットへのアクセスを禁止しているネットワーク上の領域はどれか,H21A079,DMZ,DHCP,DNS,DoS
文字や図形、静止画像、動画像、音声など複数の素材を組み合わせて編集し、コンテンツを作成する,H21A080,オーサリングソフト,,,
公開鍵が被認証者のものであることを示す証明書を発行する。,H21A085,認証局,,,
2系統のコンピュータが、互いの処理結果を照合しながら同一処理を行うシステム,H21A086,デュアルシステム,マルチシステム,ディプレックスシステム,タンデムシステム
1代のコンピュータに複数のマイクロプロセッサを搭載し、並列処理ができるシステム,H21A086,マルチシステム,ディプレックスシステム,タンデムシステム,デュアルシステム
障害時に、予備のコンピュータに切り替えて処理を継続するシステム,H21A086,ディプレックスシステム,タンデムシステム,デュアルシステム,マルチシステム
複数のコンピュータを直列に接続して、機能を分担するシステム,H21A086,タンデムシステム,デュアルシステム,マルチシステム,ディプレックスシステム
企業の業務に、従業員が私物の携帯情報端末を許可を得た上で利用すること,R8002,BYOD,RPA,BPM,BPR
企業の業務の提携的な作業をソフトウェアのロボットで効率化すること,R8002,RPA,BPM,BPR,BYOD
企業の業務の流れを分析し、継続的に改善、最適化していくこと,R8002,BPM,BPR,BYOD,RPA
企業の業務の流れを見直し、抜本的にデザインし直すこと,R8002,BPR,BYOD,RPA,BPM
戦略ごとに予想される利益の最小値が最も大きくなるように戦略を採用すること,R8003,マクシミン戦略,,,
特定の目的の達成や課題の解決をテーマとして、ソフトウェアの開発者や企画者などが短期集中的にアイディアを出し合い、ソフトウェアの開発などの共同作業を行い、成果を競い合うイベント,R8004,ハッカソン,トレードフェア,パネルディスカッション,レセプション
インターネットを利用した企業広告に関する新たなビジネスモデルを知的財産として出願し、コンピュータシステムとして実現した。このビジネスモデルを保護する法律,R8005,特許法,意匠法,実用新案法,著作権法
デジタル技術が、人間の生活やビジネスなどのあらゆる面に影響を与え、変革をもたらしていくこと,R8006,デジタルトランスフォーメーション,デジテルディバイト,デジタルネイティブ,A/D変換
PCやスマートフォンなどのデジタル製品を使いこなせる人と、使いこなせない人の間でさまざまな機会に差が生じて、社会的な格差につながること,R8006,デジテルディバイト,デジタルネイティブ,A/D変換,デジタルトランスフォーメーション
生まれた時からインターネット、PCやスマートフォンなどのデジタル製品が身近にあり、それらを利用しながら育った世代のこと,R8006,デジタルネイティブ,A/D変換,デジタルトランスフォーメーション,デジテルディバイト
音声を収集するマイクロドフォンなどのアナログ信号を、電子ファイルとして保存するためにデジタル信号に変換すること,R8006,A/D変換,デジタルトランスフォーメーション,デジテルディバイト,デジタルネイティブ
製品やサービスの価値を機能とコストの関係で把握し、価値の向上をはかる,R8007,バリューエンジニアリング,,,
店舗や工場などの設備に設置したセンサーの情報をインターネット経由で集め、設置の状況について、従業員がスマートフォンを用いて監視するような仕組み,R8008,IoT,クラウドファンディング,センチメント分析,オンラインストレージ
資金調達において、不特定多数の借り手と貸し手をインターネット上で仲介するサービスを行う,R8008,クラウドファンディング,センチメント分析,オンラインストレージ,IoT
ソーシャルメディアへの書き込みや、コールセンターの通話内容などから、商品やサービスに対する利用者の感情を分析する,R8008,センチメント分析,オンラインストレージ,IoT,クラウドファンディング
文書や画像などの電子ファイルを保存するためのインターネット上のストレージを、サービスとして提供する,R8008,オンラインストレージ,IoT,クラウドファンディング,センチメント分析
業務プロセスを流れ図を用いて可視化する場合に用いられるもの,R8012,WFA,CRUD図,DMM,E-R図
組織の社会的責任についての国際規格,R8014,ISO 26000,,,
企業が晴らすべき社会的責任を表すISO26000に定められている規格,R8014,CSR,SDGs,コーポレートガバナンス,ソーシャルメディアポリシー
イノベーター理論でアーリーアダプターからアーリーマジョリティへの普及において生じる、超えることが困難な隔たりを表す用語,R8015,キャズム,カニバリゼーション,死の谷,レッドオーシャン
教師あり学習において、正確となる情報を付与する作業を表す用語,R8016,アノテーション,エンコード,データクレンジング,フィルタリング
開発期間や納期の短縮のために採用される並行作業で行うエンジニアリング方法,R8018,コンカレントエンジニアリング,,,
サーバー上にインストールされたアプリケーションソフトウェアをインターネット経由で利用者に提供する事業者、またはそのサービスの形態,R8019,ASP,ISP,アウトソーシング,データウェアハウス
発注者側が、開発すべき情報システムの調達条件などをITベンダーに示すために作成した文書,R8020,RFP,システム要件定義書,開発依頼書,RPQ
発注者と受注したITベンダーが、開発するシステムの仕様を明確にするために共同で作成した設計文書,R8020,システム要件定義書,開発依頼書,RFP,RPQ
ユーザー部門が、情報システム部門に情報システム開発の必要性と開発要件を明確にするように求めた文書,R8020,開発依頼書,RFP,システム要件定義書,RPQ
情報通信ネットワークを通じたコンピュータへの不正侵入などの行為に対する防御施策に監視、基本理念を定め、国及び地方公共団体の責務などを明らかにして、施策の総合的かつ効率的な推進を図ること,R8021,サイバーセキュリティ基本法,不正アクセス禁止法,情報セキュリティ管理基準,不正競争防止法
コンピュータへの不正アクセス行為を定義し、その行為を禁止するとともに罰則を定め、ネットワーク通信秩序の意地を図ること,R8021,不正アクセス禁止法,情報セキュリティ管理基準,不正競争防止法,サイバーセキュリティ基本法
情報セキュリティに関する適切なコントロールを整備、運用するための実践的な規範を定め、企業などで効果的な情報セキュリティ対策の推進を促すこと,R8021,情報セキュリティ管理基準,不正競争防止法,サイバーセキュリティ基本法,不正アクセス禁止法
デジタルコンテンツの複製防止のための技術的制限手段を無効化する行為などを規制することによって、企業などの営業上の利益を確保すること,R8021,不正競争防止法,サイバーセキュリティ基本法,不正アクセス禁止法,情報セキュリティ管理基準
伝票入力処理などの典型的な事務作業を、ソフトウェアロボットに代替させることによって、自動化や効率化を図る手段,R8022,RPA,BPO,EUC,FA
検索エンジンの利用者が検索ボックスに入力したキーワードに連動して、広告を表示する,R8023,リスティング広告,行動ターゲティング広告,オプトイン,メールマガジン広告
Webサイトの閲覧履歴やオンラインショッピングの購買履歴などの利用者の行動履歴を基にして、広告を表示する,R8023,行動ターゲティング広告,オプトイン,メールマガジン広告,リスティング広告
事前に広告メールの受信をキャだくした利用者に対して、広告メールを配信する,R8023,オプトイン,メールマガジン広告,リスティング広告,行動ターゲティング広告
定期的に発行するメールマガジンに、広告を掲載して配信する,R8023,メールマガジン広告,リスティング広告,行動ターゲティング広告,オプトイン
株主をはじめとした利害関係者による経営者への監視や監査を中心とした、企業活動を律する枠組みのこと,R8024,コーポレートガバナンス,,,
資本活用の効率性を示す指標,R5020,総資本回転率,,,
企業が活動を行う上で必要な資本の調達のこと,R8024,コーポレートファイナンス,コーポレートアイデンティティ,コアコンピタンス,-
企業の理念や特性を、統一されたイメージやデザインなどで発信し、企業のブランド価値の向上を図ること,R8024,コーポレートアイデンティティ,コアコンピタンス,コーポレートファイナンス,-
競合他社では提供が不可能な価値をもたらす、企業が有する独自のスキルや技術のこと,R8024,コアコンピタンス,コーポレートファイナンス,コーポレートアイデンティティ,-
大容量、頻繁な更新、多種多様という３つの要素を持つ情報資産を「ビッグデータ」と定義する考え方がある。このビッグデータの特徴づける三つの要素を総称した言葉,R8025,3V,,,
大容量、頻繁な更新、多種多様という３つの要素を持つ情報資産,R8025,ビッグデータ,,,
AさんはX事業を実施している部門の購買組織に属している。Y事業の購買はY事業を実施している部門の購買組織が担当している。,R8026,事業部制組織,職能性組織,マトリクス制組織,プロジェクト制組織
Bさんは複数の事業の人事機能を担当する組織に所属している。開発、生産、販売機能も同様に、それぞれ専門の組織が担当している。,R8026,職能性組織,マトリクス制組織,プロジェクト制組織,事業部制組織
Cさんは地域Mで製品Xの販売を担当しており、地域Mの販売に責任を持つ上司と製品Xの販売に責任を持つ上司の、2人の上司の指示を受けている。,R8026,マトリクス制組織,プロジェクト制組織,事業部制組織,職能性組織
Dさんは新規事業の企画開発を目的として関係部署から横断的に人材を集めた組織に所属している。この組織は企画開発が終わり次第解散する。,R8026,プロジェクト制組織,事業部制組織,職能性組織,マトリクス制組織
属人化していて、担当者によって作成物の品質が異なる作業,R8031,リーン生産方式のムラ,リーン生産方式のムリ,リーン生産方式のムダ,-
組織の能力以上に負担をかける無謀な計画や作業標準,R8031,リーン生産方式のムリ,リーン生産方式のムダ,リーン生産方式のムラ,-
待機や必要以上の加工など、付加価値を生まない動作,R8031,リーン生産方式のムダ,リーン生産方式のムリ,リーン生産方式のムラ,-
長時間、身体の一部に負担がかり、健康を害する恐れのある作業,R8031,リーン生産方式のムリ,リーン生産方式のムダ,リーン生産方式のムラ,-
金属加工メーカーD社は、自社固有の加工技術を生かして、密閉度の極めて高い高価な無水調理鍋を高級レストラン向けに販売することにした,R8032,ニッチ戦略,コストリーダーシップ,MA,撤退戦略
アパレルメーカーA社は、生産コストを下げるために、生産拠点を海外に移した,R8032,コストリーダーシップ,MA,撤退戦略,ニッチ戦略
業界2位の食品メーカーB社は、トップシェアを獲得するために、業界3位のC社と経営統合することにした,R8032,MA,撤退戦略,ニッチ戦略,コストリーダーシップ
電機メーカーE社は、販売量が減ってきた中型テレビ事業を売却し、完全撤退することにした。,R8032,撤退戦略,ニッチ戦略,コストリーダーシップ,MA
購買、製造、販売という供給者から消費者までを結ぶ一連の業務のつながりを総合的に管理し、資材の調達から顧客への販売に至る在庫などの無駄をなくして、プロセス全体の最適化を図るもの,R8033,CRM,POS,SCM,SFA
要求受講が明確であり仕様変更が少ないことが見込まれるソフトウェアの開発に用いる開発モデル・手法,R8038,ウォーターフォールモデル,アジャイル,スパイラルモデル,プロトタイピングモデル
システム稼働後の段階で、利用者からの問い合わせを受け付ける窓口,R8042,サービスデスク,,,
ある企業でスマートフォン向けのアプリケーションソフトウェアの開発を計画しており、2週間ごとに新機能や不具合の修正を含めたアタrしいバージョンを繰り返しリリースすることにした、新機能の候補や不具合は一覧表で管理し、優先順位をつけて開発し、逐次リリースする方針,R8043,アジャイル,DevOps,ウォーターフォール,リバースエンジニアリング
プロジェクトにおいて、新規プロジェクトを正式に認可する文書,R8045,プロジェクト憲章,ステークホルダー登録簿,プロジェクトスコープ記述書,リスク登録簿
障害の根本原因を調査し、問題の解決策を提示する,R8046,問題管理,構成管理,インシデント管理,変更管理
ITサービスを提供するためのハードウェア、ソフトウェア、ドキュメントなどの構成情報を維持管理する,R8046,構成管理,インシデント管理,変更管理,問題管理
計画外のITサービスの中断に対して、迅速にサービスを復旧する,R8046,インシデント管理,変更管理,問題管理,構成管理
プログラム修正を実施するための計画を立てて、確実に修正されるように管理する。,R8046,変更管理,問題管理,構成管理,インシデント管理
情報システムに係るリスクに対して、組織において適切に対応していることの検証,R8047,システム監査,情報セキュリティ監査,会計監査,業務監査
業務で使用している情報の漏洩に関するリスクマネジメントが高価的に実施されていることの検証,R8047,情報セキュリティ監査,会計監査,業務監査,システム監査
財務諸表の作成に至る業務全般に関して、不正や誤りがなく処理されていることの検証,R8047,会計監査,業務監査,システム監査,情報セキュリティ監査
情報システムの利用を含めた組織内の諸業務が組織の方針に従って、合理的かつ効率的に運用されていることの検証,R8047,業務監査,システム監査,情報セキュリティ監査,会計監査
SLAの計画立案、サービス内容の交渉、草案作成、合意、導入、測定などの活動を行うもの,R8053,サービスレベル管理,アウトソーシング,サービスレベル契約,リエンジニアリング
複数のトランザクションによるメモリ上のデータ更新の結果を、一度にまとめてHDDなどの外部記憶装置に書き込む操作や、操作が行われた時点のこと,R8056,チェックポイント,コミット,ロールバック,デッドロック
トランザクションが正常に処理された時に、トランザクションの一連の処理を確定させること,R8056,コミット,ロールバック,デッドロック,チェックポイント
トランザクションがなんらかの理由で正常に処理されなかったときに、データベースをトランザクションの処理開始前の状態に戻すこと,R8056,ロールバック,デッドロック,チェックポイント,コミット
複数のトランザクションを並列に処理しているときに、ロックの影響によってトランザクション同士がただうに相手のロックの解放を待つ状態になること,R8056,デッドロック,チェックポイント,コミット,ロールバック
UXデザインで用いられることがある構造化シナリオ法,R8058,アクティビティ、インタラクション、バリュー,,,
通信データを暗号化する,R8059,WPA2,MIMO,SSIDのステルス機能,MACアドレスフィルタリング
2本のアンテナを用いることによってデータの送受信を高速化する,R8059,MIMO,SSIDのステルス機能,MACアドレスフィルタリング,WPA2
アクセスポイントをステルス化する,R8059,SSIDのステルス機能,MACアドレスフィルタリング,WPA2,MIMO
登録されたMACアドレスをもつ機器以外からのアクセスを拒否する,R8059,MACアドレスフィルタリング,WPA2,MIMO,SSIDのステルス機能
"PC,スマートフォンなど、多くの種類の端末で、見やすく、かつ操作しやすくなるように、表示する端末の画面サイズなどに応じてWebサイトの画面レイアウトが変化する",R8060,レスポンシブWebデザイン,CDN,センサーAPI,ツールチップ
Webブラウザで動画コンテンツをストリーミング再生するとき、サーバやネットワークの負荷が軽減されるように、複数のコンテンツ配信サーバのうち、利用者に適したサーバ接続させてデータを取得する,R8060,CDN,センサーAPI,ツールチップ,レスポンシブWebデザイン
スマートフォンなどの端末向けのWebアプリケーションにおいて、歩数や移動速度などを計測できるように、端末に内蔵された加速度センサーやジャイロセンサーのデータを使用する,R8060,センサーAPI,ツールチップ,レスポンシブWebデザイン,CDN
"操作説明書を読まなくてもWebサイトの使用方法を理解できるように,Webブラウザの利用者がマウスポインタをWebコンテンツに重ねた時、ポップアップを用いて機能の説明、対象の状態などを表示する",R8060,ツールチップ,レスポンシブWebデザイン,CDN,センサーAPI
PCの画面表示に必要なデータを保持するのに使われる、画面表示専用メモリ,R8061,VRAM,EERROM,キャッシュメモリ,フラッシュメモリ
標準的な処理を設定し、それを実行する評価用プログラムを、評価対象のシステム上で実際に実行させて性能を評価する,R8062,ベンチマークテスト,シミュレーション,モデル化,解析的方法
評価対象のシステムで使われるものと同じデータ、同じプログラムを、他のグジシステム上で実行させて性能を評価する,R8062,シミュレーション,モデル化,解析的方法,ベンチマークテスト
評価対象のシステムの動作特性を、取り扱いの容易な形にモデル化したものを用いて、他の擬似システム上で実行させて性能を評価する,R8062,モデル化,解析的方法,ベンチマークテスト,シミュレーション
評価対象のシステムのプログラムステップ数、ハードウェア性能、I/O回数の卓上計算値などを基に処理時間を積算して性能を評価する,R8062,解析的方法,ベンチマークテスト,シミュレーション,モデル化
複数の異なる周波数の電波を束ねることによって、無線通信を高速化する技術,R8064,キャリアアグリゲーション,ハンドオーバー,インフラストラクチャモード,-
移動中に携帯電話が接続する基地局を切り替える技術,R8064,ハンドオーバー,インフラストラクチャモード,キャリアアグリゲーション,-
無線LANにおいて、アクセスポイントと呼ばれる基地局を経由して端末同士が通信を行う,R8064,インフラストラクチャモード,キャリアアグリゲーション,ハンドオーバー,-
ドメイン名をIPアドレスに変換する、またはIPアドレスをドメイン名に変換する,R8065,DNSサーバ,プロキシサーバ,FTP,DHCP
LAN上のPCからインターネット上のWebサーバーへのリクエストを中継するものであり、PCの代理としてインターネット上のWebサーバへアクセスして、その応答をPCに返す,R8065,プロキシサーバ,FTP,DHCP,DNSサーバ
PCからサーバへのファイル送受信の要求を受付、ファイルを転送する,R8065,FTP,DHCP,DNSサーバ,プロキシサーバ
PCに対してIPアドレスを自動で割り当て、サブネットマスクとデフォルトゲートウェイのIPアドレスの通知を行う,R8065,DHCP,DNSサーバ,プロキシサーバ,FTP
アプリケーションソフトウェアの操作を行う時、質問に答えていく対話形式によって、煩雑な操作を簡単に行えるようにする機能,R8066,ウィザード,アーカイブ,オートコンプリート,ポップアップウィンドウ
利用者がいつもログインに使っているPCとは異なるPCからのログインであったので、本人しか知らない秘密の質問による追加の認証を行った,R8071,リスクベース認証,セッションタイムアウト,アカウントロック,パスワードポリシー
利用者がログインした後に、操作画面が一定時間なかったので、自動的にログアウトして、再度ログインを求めた,R8071,セッションタイムアウト,アカウントロック,パスワードポリシー,リスクベース認証
利用者がログインする時にパスワードを連続して複数回間違って入力したので、アカウントをロックした,R8071,アカウントロック,パスワードポリシー,リスクベース認証,セッションタイムアウト
利用者がログインに使っているパスワードが長時間変更されていなかったので、パスワードの変更を促した,R8071,パスワードポリシー,リスクベース認証,セッションタイムアウト,アカウントロック
通信可能な範囲が無線LANに比べて広く、消費する電力が第4世代移動通信規格(4G)に比べて少ない,R8076,LPWA,,,
IoTデバイスとIoTサーバで構成され、IoTデバイスが計測した外気温をIoTサーバへ送り、IoTサーバからの指示でIoTデバイスが窓を開閉するシステムがある。このシステムのIoTデバイスに搭載された、外気温を電気信号に変換する役割をもつもの,R8078,センサー,アクチュエーター,エッジコンピューティング,キャリアアグリゲーション
Bluetoothの規格に含まれ、デバイス間の省電力通信を実現させるもの,R8081,BLE,LPWA,LTE,PLC
各ノードの重みを調整して、誤差を小さくする,R8082,バックプロパゲーション,,,
各ノードの重みを調整して、誤差を小さくする,R8082,誤差逆伝播,,,
PCやスマートフォンなどからネットワーク経由で利用できるように、ネットワークに直接接続して使用する外部記憶装置,R8087,NAS,ランダムアクセス,RAID,SSID
記憶媒体上のデータの位置や書き込み順序に関係なく、求めるデータに直接アクセスできるファイル形式,R8087,ランダムアクセス,RAID,SSID,NAS
複数の記憶装置を1台の装置として管理し、データを分散して格納することによってアクセスの高速化や耐障害性の向上を図る技術,R8087,RAID,SSID,NAS,ランダムアクセス
無線LANのネットワークを識別するために用いられる文字列,R8087,SSID,NAS,ランダムアクセス,RAID
電子照明の正当性を認証局が保証する方法,R8090,PKI,,,
被災によるシステム障害が発生してもサービスを継続できるように、遠隔地にバックアップシステムを用意する,R8094,物理的セキュリティ,人的セキュリティ,技術的セキュリティ,-
機密情報の取り扱いに関して、罰則を含めた規定を制定し、これを遵守させるために、関係者に定期的な教育を実施する,R8094,人的セキュリティ,技術的セキュリティ,物理的セキュリティ,-
ますます方法が巧妙化されるサイバー攻撃による被害を防ぐために、サイバー攻撃の方法や対策に関する情報を従業員に周知する,R8094,人的セキュリティ,技術的セキュリティ,物理的セキュリティ,-
マルウェアによる被害を防ぐために、マルウェア対策ソフトを導入し、定義ファイルを常に最新に保つ,R8094,技術的セキュリティ,物理的セキュリティ,人的セキュリティ,-
SQLインジェクションの対策などで用いられ、処理の誤動作を招かないように、利用者がWebサイトに入力した内容に含まれる有害な文字列を無害な文字列に置き換えること,R8095,サニタイジング,MACアドレスフィルタリング,ストライピング,ソーシャルエンジニアリング
機密情報の取得などを目的として、特定の組織や個人に対して、複数の攻撃手法を使うなどして長期間にわたり継続的に攻撃を行う,R8096,APT攻撃,DDoS攻撃,ゼロデイ攻撃,パスワードリスト攻撃
"意図した回答を得るためにAIに対する質問や指示の内容,情報の提供,出力形式の指定などを工夫すること",R8098,プロンプトエンジニアリング,機械学習,シグニファイア,ニューラルネットワーク
AIが、多数の事象がデータから普遍的なルールや知識を獲得すること,R8098,機械学習,シグニファイア,ニューラルネットワーク,プロンプトエンジニアリング
AIに対する質問や指示などが入力できる状態であることを、画面上に企業や文字列で示すこと,R8098,シグニファイア,ニューラルネットワーク,プロンプトエンジニアリング,機械学習
神経細胞が作るネットワークをコンピュータで模した、AIで用いられる計算モデルのこと,R8098,ニューラルネットワーク,プロンプトエンジニアリング,機械学習,シグニファイア
情報資産を洗い出し、リスクの特定と分析及び評価を行い、情報資産を管理する,R8100,ISMS,品質マネジメント,ITサービスマネジメント,CMMI
企業のコスト削減や製品の品質、サービスの改善などのために、業務プロセスを改善する,R8100,品質マネジメント,ITサービスマネジメント,CMMI,ISMS
顧客の満足度を高めるために、ITサービスの品質を継続的に改善する,R8100,ITサービスマネジメント,CMMI,ISMS,品質マネジメント
製品とサービスの開発プロセスの成熟度を評価し、改善する,R8100,CMMI,ISMS,品質マネジメント,ITサービスマネジメント
企業倫理に基づき、ルール、マニュアル、チェックシステムなどを整備し、法令や社会規範を遵守した企業活動を行う,H21H001,コンプライアンス経営,コーポレートガバナンス,アカウンタビリティ,ディスクロージャー
株主に対して企業活動の正当性を保持するために、経営管理が適切に行われているかどうかを監視し、点検する,H21H001,コーポレートガバナンス,アカウンタビリティ,ディスクロージャー,コンプライアンス経営
株主やそのほかの利害関係者に対して、経営活動の内容、実績に関する説明責任を負う,H21H001,アカウンタビリティ,ディスクロージャー,コンプライアンス経営,コーポレートガバナンス
投資家やアナリストに対して、投資判断に必要な正確な経営情報を適切に、かつ継続して提供する,H21H001,ディスクロージャー,コンプライアンス経営,コーポレートガバナンス,アカウンタビリティ
商品市場での過当な競争を避け、まだ顧客のニーズが満たされていない市場のすきま、すなわち小さな市場セグメントに焦点を合わせた事業展開で、競争優位を確保しようとする企業戦略,H21H004,ニッチ戦略,プッシュ戦略,ブランド戦略,プル戦略
情報技術を利用して顧客に関する情報を収集、分析し、長期的観点から顧客と良好な関係を築いて自社の顧客として囲い込み、収益の拡大を図る手法,H21H005,CRM,BSC,ERP,PPM
ソフトウェアの機能を複数の企業にインターネット経由でサービスとして提供し、使用料を課金する。,H21H006,SaaS,ホスティングサービス,アウトソーシング,ASP
コンピュータ設備の利用をサービスとして提供し、使用料を課金する,H21H006,ホスティングサービス,アウトソーシング,ASP,SaaS
情報システム部門の機能の一部を受託し、業務委託料を課金する,H21H006,アウトソーシング,ASP,SaaS,ホスティングサービス
ソフトウェアをダウンロードさせる対価としてライセンス料を課金する,H21H006,ASP,SaaS,ホスティングサービス,アウトソーシング
POSシステムなどで商品を一意に識別するために、バーコードとして商品に印刷されたコード,H21H008,JAN,JAS,JIS,QR
日本農林規格,H21H008,JAS,JAN,JIS,QR
日本産業企画,H21H008,JIS,QR,JAN,JAS
プロダクトポートフォリオマネジメントでは、縦軸に市場成長率、横軸に市場占有率をとったマトリックス図を四つの象限に区分し、製品の市場における位置付けを分析して資源分配を検討する。四つの象限の位置、市場成長率は低いが市場占有率を高く保っている製品の位置付け,H21H010,金のなる木,花形製品,負け犬,問題児
システム化の対象となるビジネスの活動やデータの流れを明示したもの,H21H011,業務プロセス,RFP,システム化計画書,RFQ
システム開発を外部委託するときの提案依頼に必要な条件を明示したもの,H21H011,RFP,業務プロセス,システム化計画書,RFQ
システムの開発、運用、保守に必要な組織、資産などを記載したもの,H21H011,システム化計画書,業務プロセス,RFP,RFQ
知識や知見をデータベース化し、ビジネス上で効果的に活用できる,H21H012,サプライチェーンマネジメント,POS,ナレッジマネジメント,CTI
小売り店舗などの商品の販売情報を即時に知ることができる,H21H012,POS,ナレッジマネジメント,CTI,サプライチェーンマネジメント
知識や知見をデータベース化し、ビジネス上で効果的に活用できる,H21H012,ナレッジマネジメント,CTI,サプライチェーンマネジメント,POS
"電話,FAX,電子メールなど多様な手段による顧客からの各種問合せに対し、即時に対応することができる",H21H012,CTI,サプライチェーンマネジメント,POS,ナレッジマネジメント
株式会社の最高意思決定機関,H21H013,株主総会,,,
一会計期間における経営成績を表示したもの,H21H016,損益計算書,キャッシュフロー計算書,賃借対照表,株主資本等変動計算書
一会計期間における現金収支の状況を表示したもの,H21H016,キャッシュフロー計算書,賃借対照表,株主資本等変動計算書,損益計算書
企業の一定時点における財務状況を表示したもの,H21H016,賃借対照表,株主資本等変動計算書,損益計算書,キャッシュフロー計算書
純資産の部の変動額を計算し表示したもの,H21H016,株主資本等変動計算書,損益計算書,キャッシュフロー計算書,賃借対照表
共同作業の場を提供することによって、組織として業務効率を高める,H21H017,グループウェア,デバイスドライバ,UTM,パッケージソフトウェア
"PC,周辺機器などの機器に組み込んで、ハードウェアの基本的な制御を行う",H21H017,デバイスドライバ,UTM,パッケージソフトウェア,グループウェア
ハードウェアとソフトウェアが一体となったセキュリティ製品の導入によって企業におけるインターネット利用のセキュリティを強化する,H21H017,UTM,パッケージソフトウェア,グループウェア,デバイスドライバ
パッケージ化されたソフトウェア群を導入することによって、システムの開発期間の短縮及び保守の効率化を図る,H21H017,パッケージソフトウェア,グループウェア,デバイスドライバ,UTM
現在使っているキャッシュカードで銀行口座からリアルタイムに代金を直接引き落として決済できるもの,H21H018,プリペイドカード,ETCカード,デビットカード,ポイントカード
他者に真似のできない独自のノウハウや技術などに経営資源を集中し、競争優位を確立する,H21H019,コアコンピタンス経営,M&A,最適セールミックス,ベンチマーキング
競合に対して優位に立つために、すでに事業を確立している他社の経営資源を獲得する,H21H019,M&A,最適セールミックス,ベンチマーキング,コアコンピタンス経営
事業の組み合わせの最適化を図り、それぞれの事業を単独で運営する場合よりも大きな効果が得られるようにする,H21H019,最適セールミックス,ベンチマーキング,コアコンピタンス経営,M&A
他社のベストプラクティス(優れた事例)を参考にして、現状の業務プロセスを抜本的に改善・改革する,H21H019,ベンチマーキング,コアコンピタンス経営,M&A,最適セールミックス
企業の業務効率や生産性を改善するために、既存の組織やビジネスルールを全面的に見直して、再構築すること,H21H020,BPR,CRM,バリューチェーン,BSC
顧客のニーズにきめ細かく対応し、顧客の利便性と満足度を高めるために、企業の情報システムを再構築すること,H21H020,CRM,バリューチェーン,BSC,BPR
企業の活動を、長冊、開発、製造、販売、サービスといった側面から捉え、情報システムを再構築すること,H21H020,バリューチェーン,BSC,BPR,CRM
企業の戦略を、四つの視点（財務の視点、顧客の視点、業務プロセスの視点、学習と成長の視点）から再評価し、再構築すること,H21H020,BSC,BPR,CRM,バリューチェーン
企業が活動する際に指針となる基本的な考え方であり、企業の存在意義や価値観などを示したもの,H21H022,経営理念,経営資源,経営戦略,組織文化
企業が競争優位性を構築するために活用する資源であり、一般的に人・物・金・情報で分類されるもの,H21H022,経営資源,経営戦略,組織文化,経営理念
企業の将来の方向を示したビジョンを具現化するための意思決定計画であり、長期・中期・短期の別に策定されるもの,H21H022,経営戦略,組織文化,経営理念,経営資源
企業の持つ個性、固有の企業らしさのことで社風とも呼ばれ、長年の企業活動の中で生み出されて定着してきたもの,H21H022,組織文化,経営理念,経営資源,経営戦略
新たに構築する業務、システムの仕様、及びシステム化の範囲と機能を明確にし、それらをシステム取得者側の利害関係者で合意する,H21H025,要件定義プロセス,企画プロセス,プログラミング,テスト工程
経営事業の目的、目標を立って意するために必要なシステムの要求事項をまとめ、そのシステム化の方針と実現計画を策定する,H21H025,企画プロセス,プログラミング,テスト工程,要件定義プロセス
システム要件とソフトウェア要件を定義し、システム方式とソフトウェア方式を設計して、システム及びソフトウェア製品を構築する,H21H025,プログラミング,テスト工程,要件定義プロセス,企画プロセス
ソフトウェア要件通りにソフトウェアが実現されいることやシステム要件どおりにシステムが実現されていることをテストする,H21H025,テスト工程,要件定義プロセス,企画プロセス,プログラミング
必要なものを、必要なときに、必要な量だけ生産する方式,H21H028,ジャストインタイム生産方式,セル生産方式,受注生産方式,見込み生産方式
一人または数人の作業員が、生産の全肯定を担当する方式,H21H028,セル生産方式,受注生産方式,見込み生産方式,ジャストインタイム生産方式
顧客からの注文を受けてから、生産を開始する方式,H21H028,受注生産方式,見込み生産方式,ジャストインタイム生産方式,セル生産方式
生産開始時の計画に基づき、見込み数量を生産する方式,H21H028,見込み生産方式,ジャストインタイム生産方式,セル生産方式,受注生産方式
製品や市場ごとに社内組織を分割し、利益責任単位として権限と目標が与えられる,H21H029,事業部制組織,アメーバ組織,職能別組織,マトリクス組織
社内組織を小集団に分け、全体を構成する一部の機能として相互作用的に活動させる,H21H029,アメーバ組織,職能別組織,マトリクス組織,事業部制組織
商品企画、購買、製造、営業といった同じ職能を行う単位で、社内組織を分割する,H21H029,職能別組織,マトリクス組織,事業部制組織,アメーバ組織
二つの異なる組織体系に社員が所属することによって必要に応じて業務に柔軟に対処する,H21H029,マトリクス組織,事業部制組織,アメーバ組織,職能別組織
利用者の利便性を向上させるため、トラブルなどの問い合わせに対応する,H21H035,サービスデスク,,,
ITサービスにおいて、合意したサービス時間中に実際にサービスをどれくらい利用できるかを表す用語,H21H039,可用性,応答性,完全性,機密性
サービスの中断時間を最小限に抑えて速やかに回復し、サービスの品質を維持する,H21H040,インシデント管理,構成管理,リソース管理,サービスデスク
IT資産の構成要素を把握し、例外使用をしないように管理する,H21H040,構成管理,リソース管理,サービスデスク,インシデント管理
ソフトウェア、ハードウェアからなるITサービスの実装変更を確実に実施する,H21H040,リソース管理,サービスデスク,インシデント管理,構成管理
利用者に対する唯一の窓口としてどのような問い合わせにも対応することによってサービスを確実に提供する,H21H040,サービスデスク,インシデント管理,構成管理,リソース管理
ソフトウェアの持つ機能の数を基に、その規模を見積もる手法,H21H041,ファンクションポイント法,ステップ数見積もり法,3点見積もり法,COCOMO
プログラムの行数やファイルサイズなどを基に、ソフトウェアの規模を見積もる手法,H21H041,ステップ数見積もり法,3点見積もり法,COCOMO,ファンクションポイント法
見積もり担当者の経験から楽観値や悲観値を割り出してソフトウェアの規模を見積もる方法,H21H041,3点見積もり法,COCOMO,ファンクションポイント法,ステップ数見積もり法
予想されるプログラム行数にエンジニアの能力や要求の信頼性などの補正計数を掛け合わせて開発工数や期間、要因や生産性を見積もる手法,H21H041,COCOMO,ファンクションポイント法,ステップ数見積もり法,3点見積もり法
入力と出力だけに着目して様々な入力に対して仕様書どおりの出力が得られるかどうかを確認していく、システムの内部構造とは無関係に外部から見た機能について検証するテスト方法,H21H042,ブラックボックステスト,運用テスト,結合テスト,ホワイトテスト
組織体の情報システムを独立した上で専門的な立場で検証又は評価する,H21H044,システム監査人,MSP,CIO,SIre
企業などが保有する情報システムの運用・監視・保守を請け負う,H21H044,MSP,CIO,SIre,システム監査人
企業において、経営理念に合わせて情報化戦略を立案・実行する。,H21H044,CIO,SIre,システム監査人,MSP
情報システムの構築・導入を一括して請け負う,H21H044,SIre,システム監査人,MSP,CIO
プログラム言語の文法に従って処理手順などを記述し、その処理手順などに誤りがないか検証する,H21H049,プログラミング,ソフトウェア結合テスト,内部設計でのモジュール分割,プログラム設計
個々のプログラムを結合し、ソフトウェアが要求どおり動作するかを検証する,H21H049,ソフトウェア結合テスト,内部設計でのモジュール分割,プログラム設計,プログラミング
ソフトウェアを階層構造に基づいて機能分割する,H21H049,内部設計でのモジュール分割,プログラム設計,プログラミング,ソフトウェア結合テスト
プログラムの処理手順を図式化する,H21H049,プログラム設計,プログラミング,ソフトウェア結合テスト,内部設計でのモジュール分割
時間を横軸にし、タスクを縦軸に取って所要期間に比例した長さで表した工程管理図,H21H050,ガントチャート,E-R図,アローダイアグラム,状態遷移図
企業が競争優位性を構築するために、IT戦略の策定・実行をガイドし、あるべき方向へ導く組織能力,H21H052,ITガバナンス,ITIL,RFP,SLA
ITサービスの管理・運用規則に関するベストプラクティス（優れた事例)を、包括的にまとめたフレームワーク,H21H052,ITIL,RFP,SLA,ITガバナンス
企業が情報システムやITサービスなどを調達する際、発注先となるITベンダに具体的なシステム提案を要求した仕様書,H21H052,RFP,SLA,ITガバナンス,ITIL
サービスを提供するプロバイダが、品質を保証するため、提供するサービスの水準を明確に定義した合意書,H21H052,SLA,ITガバナンス,ITIL,RFP
一定の使用期間の間は無料で利用することができるが、継続して利用するには料金を支払う必要がある,H21H055,シェアウエア,,,
IPアドレスを利用してパケット転送の経路を選択する,H21H056,ルータ,DNS,A/D変換器,サーバ
IPアドレスとドメイン名を対応づける,H21H056,DNS,A/D変換器,サーバ,ルータ
アナログ信号とディジタル信号を相互に変換する,H21H056,A/D変換器,サーバ,ルータ,DNS
ほかのコンピュータから要求を受けて、処理の実行やデータの提供を行う,H21H056,サーバ,ルータ,DNS,A/D変換器
アプリケーションプログラムからデータの検索や更新の要求を受け付けて、データベース内のデータの検索や更新をする,H21H058,データベース管理システム,アプリケーションサーバー,データベースサーバー,-
クライアントからトランザクション処理要求を受け付けて、要求に対応するアプリケーションプログラムを起動する,H21H058,アプリケーションサーバー,データベースサーバー,データベース管理システム,-
トランザクション処理要求によって、必要に応じてデータの検索や更新の要求を出して業務処理をする,H21H058,データベースサーバー,データベース管理システム,アプリケーションサーバー,-
インターネットに接続された機器のホスト名とIPアドレスを対応させるシステム,H21H059,DNS,,,
ブラウザなどのアプリケーションソフトウェアに組み込むことによって、アプリケーションソフトウェアの機能を拡張し、個別にバージョンアップが可能で、不要になればアプリケーションソフトウェアに影響与えることなく削除できる,H21H060,プラグイン,,,
個人の指紋や虹彩などの特徴に基づく認証,H21H063,バイオメトリクス認証,,,
故障や操作ミスが発生しても、安全が保てるようにしておく,H21H065,フェールセーフ,フェールソフト,ファイアウォール,フールプルーフ
障害が発生した際に、正常な部分だけを動作させ、全体に支障を来さないようにする,H21H065,フェールソフト,ファイアウォール,フールプルーフ,フェールセーフ
組織内のコンピュータネットワークに外部から侵入されるのを防ぐ,H21H065,ファイアウォール,フールプルーフ,フェールセーフ,フェールソフト
特定の条件に合致するデータだけをシステムに受け入れる,H21H065,フールプルーフ,フェールセーフ,フェールソフト,ファイアウォール
主記憶とのアクセス時間を見かけ上短縮することによって、CPUの処理効率を高める,H21H069,キャッシュメモリ,,,
複数のコンピュータを連携させ、全体を1台の高性能のコンピュータであるかのように利用する。連携しているコンピュータのどれかに障害が発生した場合には、他のコンピュータに処理を肩代わりさせることで、システム全体として処理を停止させないようにするもの,H21H073,クラスタシステム,デュアルシステム,デュプレックスシステム,マルチプロセッサシステム
インターネットからの不正アクセスを防ぐことを目的として、インターネットと内部ネットワークの間に設置する仕組み,H21H074,ファイアウォール,DNSサーバ,WAN,ルータ
音声データのためのファイル圧縮形式,H21H078,MP3,MMR,PNG,MPEG
G4ファクシミリ通信データのためのファイル圧縮形式,H21H078,MMR,PNG,MPEG,MP3
カラー画像データのためのファイル圧縮形式,H21H078,PNG,MPEG,MP3,MMR
ディジタル画像データのためのファイル圧縮形式,H21H078,MPEG,MP3,MMR,PNG
従来のサーバが個別に備える電源装置や外部インターフェースなどをサーバ間で共有し、高密度化、省スペース化を実現したサーバシステム,H21H079,ブレード型サーバ,,,
ワープロソフトや表計算ソフトのデータファイルに感染する,H21H080,マクロウイルス,スパイウェア,アドウェア,ワーム
ネットワークを介して、他人のPCを自由に操ったり、パスワードなど重要な情報を盗んだりする,H21H080,スパイウェア,アドウェア,ワーム,マクロウイルス
PC画面上に広告を表示させる,H21H080,アドウェア,ワーム,マクロウイルス,スパイウェア
ネットワークで接続されたコンピュータ間を、自己複製しながら移動する,H21H080,ワーム,マクロウイルス,スパイウェア,アドウェア
データベースの障害回復に用いられ、データベースの更新に関する情報が格納されているファイル,H21H088,ログファイル,インデックスファイル,バックアップファイル,ロードモジュールファイル
情報を縦横2次元の図形パターンに保存するコード,R1A004,QRコード,ASCIIコード,Gコード,JANコード
材料調達から商品販売までの流れを一括管理して、供給の最適化を目指すシステム,R1A005,SCM,ASO,CRM,ERP
行政機関の保有する資料について、情報を請求する権利とその手続きなどについて定めた法律,R1A006,情報公開法,公益通報者保護法,個人情報保護法,不正アクセス禁止法
顧客、競合、自社の三つの観点から分析する,R1A007,3C分析,RFM,コーホート,ABC分析
最新購買日、購買頻度、購買金額の三つの観点から分析する,R1A007,RFM,コーホート,ABC分析,3C分析
時代、年齢、世代の三つの要因に分解して分析する,R1A007,コーホート,ABC分析,3C分析,RFM
総売上高の高い順に三つのグループに分類して計算する,R1A007,ABC分析,3C分析,RFM,コーホート
人口減少や高齢化などを背景に、ICTを活用して、都市や地域の機能やサービスを効率化し、高度化し、地域課題の解決や活性化を実現することが試みられているソリューション,R1A008,スマートシティ,キャパシティ,ダイバーシティ,ユニバーシティ
2社以上の企業が共同出資して経営する企業のこと,R1A010,ジョイントベンチャ,,,
企業の合併や買収によって相手企業の支配権を取得すること,R1A010,M&A,,,
情報システム戦略において定義した目標の達成状況を測定するために、重要な業績評価を示す用語,R1A011,KPI,BPO,CSR,ROA
企業の存在理由や価値観を明確にすることができる,R1A012,経営理念,,,
センサを搭載した機器や制御装置などがインターネット常に繋がり、それらがネットワークを通じて様々な情報のやり取りをする仕組み,R1A013,IoT,機械学習,API,RPA
人工知能における学習の仕組み,R1A013,機械学習,API,RPA,IoT
ソフトウェアの機能の一部を、ほかのプログラムで利用できるように公開する関数や手続の集まり,R1A013,API,RPA,IoT,機械学習
ソフトウェアのロボットを利用して、定型的な仕事を効率化するツール,R1A013,RPA,IoT,機械学習,API
建築物、工業製品などの設計にコンピュータを用いること,R1A014,CAD,A／D変換,CMOS,オーサリング
アナログ信号をディジタル信号に変換する回路のこと,R1A014,A／D変換,CMOS,オーサリング,CAD
光を電気信号に変換する撮像素子のこと,R1A014,CMOS,オーサリング,CAD,A／D変換
文字、画像、音声などのデータを組み合わせて一つのコンテンツを作ること,R1A014,オーサリング,CAD,A／D変換,CMOS
自社の商品やサービスの情報を主体的に収集する見込み客の獲得を目的に、企業がSNSやブログ、検索エンジンなどを利用して消費にゃサービスに関連する情報を発信する。このようにして獲得した見込み客を、最終的に顧客に転換させることを目的とするマーケティング手法,R1A015,インバンドマーケティング,アウトバウンドマーケティング,ダイレクトマーケティング,テレマーケティング
ベンダ企業から情報収集を行い、システムの技術的な課題や実現性を把握する,R1A016,RFI,RFQ,共通フレーム,RFP
ベンダ企業からシステムの詳細な見積もり金額を入手し、契約金額を確定する,R1A016,RFQ,共通フレーム,RFP,RFI
ベンダ企業との認識のズレをなくし、取引を適正化する,R1A016,共通フレーム,RFP,RFI,RFQ
ベンダ企業に提案書の提出を求め、発注先を決定する,R1A016,RFP,RFI,RFQ,共通フレーム
優良な大企業が、革新的な技術の追求よりも、既存技術の向上でシェアを確保することに注力してしまい、結果的に市場でのシェアの確保に失敗する現象,R1A017,イノベーションのジレンマ,限界効用逓減の法則,カニバリゼーション,パレートの法則
最初に商品を消費したときに感じた価値や満足度が、消費する量が増えるに従い、徐々に低下していく現象,R1A017,限界効用逓減の法則,カニバリゼーション,パレートの法則,イノベーションのジレンマ
自社の既存商品がフェアを占めている市場に、自社の新商品を導入することで、既存製品のシェアを奪ってしまう現象,R1A017,カニバリゼーション,パレートの法則,イノベーションのジレンマ,限界効用逓減の法則
全売上の大部分を、少数の顧客が占めている状況,R1A017,パレートの法則,イノベーションのジレンマ,限界効用逓減の法則,カニバリゼーション
銀行などの預金者の資産を、AIが自動的に運用するサービスを提供するなど、金融業においてIT技術を活用して、これまでにない革新的なサービスを開拓する取り組み,R1A018,FinTech,FA,OA,シェアリングエコノミー
特定の目的の達成や課題の解決をテーマとして、ソフトウェアの開発者や企画者などが短期集中的にアイディアを出し合い、ソフトウェアの開発などの共同作業を行い、成果を競い合うイベント,R1A019,ハッカソン,コンベンション,トレードフェア,レセプション
事業活動における重要な技術情報について、営業秘密とするための要件を定めている法律,R1A020,不正競争防止法,,,
大量のデータを人間の脳神経回路を模したモデルで解析することによって、コンピュータ自体がデータの特徴を抽出、学習する方法,R1A021,ディープラーニング,CRMシステム,e-ラーニング,ナレッジマネジメント
営業、マーケティング、アフタサービスなどの顧客に関わる部門間で情報や業務の流れを統合する仕組み,R1A021,CRMシステム,e-ラーニング,ナレッジマネジメント,ディープラーニング
コンピュータなどのディジタル機器、通信ネットワークを利用して実施される教育、学習、研修の形態,R1A021,e-ラーニング,ナレッジマネジメント,ディープラーニング,CRMシステム
組織内の各個人がもつ知識やノウハウを組織全体で共有し、有効活用する仕組み,R1A021,ナレッジマネジメント,ディープラーニング,CRMシステム,e-ラーニング
運転手が関与せずに、自動車の加速、操縦、制御の全てをシステムが行う技術,R1A022,人工知能,IoT,ブロックチェーン,インターネットバンキング
オフィスの自席にいながら、会議室やトイレの空き状況がリアルタイムに分かる技術,R1A022,IoT,ブロックチェーン,インターネットバンキング,人工知能
銀行のような中央管理者を置かなくても、分散型の合意形成によって、取引の承認を行う,R1A022,ブロックチェーン,インターネットバンキング,人工知能,IoT
自宅のPCから事前に入力し、銀行に行かなくても自動で振替や振込を行う,R1A022,インターネットバンキング,人工知能,IoT,ブロックチェーン
統計学や機械学習などの手法を用いて大量のデータを解析して、新たなサービスや価値を生み出すためのヒントやアイディアを抽出する役割,R1A023,データサイエンティスト,ITストラテジスト,システムアーキテクト,システムアナリスト
経営戦略上、ITの利活用が不可欠な企業の経営者を対象として、サイバー攻撃から起業を守る観点で経営者が認識すべき原則や取り組むべき項目を記載したもの,R1A025,サイバーセキュリティ経営ガイドライン,,,
利用者が検索エンジンを使ってキーワード検索を行ったときに、自社のWebサイトを検索結果の上位に表示させるよう工夫する,R1A029,SEO,SMO,アクセスログ分析,
SNSに立ち上がったコミュニティの参加者に、そのコミュニティの目的にあった検索結果を表示する,R1A029,SMO,アクセスログ分析,SEO,
自社のWebサイトのアクセスログを検索エンジンを使って解析し、不正アクセスの有無をチェックする,R1A029,アクセスログ分析,SEO,SMO,
アプローチの中心は常に製品やサービスの利用者であり、利用者の本質的なニーズに基づき、製品やサービスをデザインする,R1A030,デザイン思考,CSS,BPR,オブジェクト指向
Webページのレイアウトなどを定義したスタイルシートを使用し、ホームページをデザインする,R1A030,CSS,BPR,オブジェクト指向,デザイン思考
業務の迅速化や効率化を図ることを目的に、業務プロセスを抜本的に再デザインする,R1A030,BPR,オブジェクト指向,デザイン思考,CSS
データと手続を備えたオブジェクトの集まりとして捉え、情報システム全体をデザインする,R1A030,オブジェクト指向,デザイン思考,CSS,BPR
OMG(Object Managemnent Group)によって維持されており、国際規格ISO/IEC19510として標準化されているビジネスプロセスのモデリング手法および表記法,R5023,BPMN,BABOK,BPQ,BPR
企業の未公開の株式を、可惜に公開することを表す用語,R5028,IPO,LBO,TOB,VC
アクセスポイントへの接続を認証するときに用いる符号（バスフレーズ）であり、この符号に基づいて、接続するPCごとに通信の暗号化に用いる鍵が生成される,R5065,PSK,,,
ネットワークなどに対する不正アクセスやその予兆を検知し、管理者に通知する,R5067,IDS,DNS,NTP,POP
IPアドレスとドメイン名を相互に変換する,R5067,DNS,NTP,POP,IDS
ネットワーク上の複数のコンピュータの時刻を同期させる,R5067,NTP,POP,IDS,DNS
メールサーバーに届いた電子メールを、メールクライアントに送る,R5067,POP,IDS,DNS,NTP
IoTエリアネットワークでも用いられ、電気を供給する電力線に高周波の通信用信号を乗せて伝送させることによって、電力線を伝送路としても使用する技術,R5087,PLC,PoE,エネルギーハーベスティング,テザリング
読み出し専用のDVD,R5088,DVD-ROM,DVD-R,DVD-RAM,DVD-RW
二つの表から、フィールドの値によっって関連付けした表を作る,R5100,結合操作,選択操作,射影操作,共通演算
表から、特定の条件を満たすレコードを抜き出した表を作る,R5100,選択操作,射影操作,共通演算,結合操作
表から、特定のフィールドを抜き出した表を作る,R5100,射影操作,共通演算,結合操作,選択操作
二つの表から、フィールドの値によって関連付けした表を作る,R5100,共通演算,結合操作,選択操作,射影操作
システムの開発や保守の各工程の作業項目,R1A039,共通フレーム,,,
成果物と作業の一覧およびプロジェクトからの除外事項を記述している,R1A051,プロジェクトスコープ記述書,スケジュールマネジメント計画書,コストマネジメント計画書,人的資源マネジメント計画書
成果物を作るための各作業の開始予定日と終了予定日を記述している,R1A051,スケジュールマネジメント計画書,コストマネジメント計画書,人的資源マネジメント計画書,プロジェクトスコープ記述書
プロジェクトが完了するまでのコスト見積もりを記述している,R1A051,コストマネジメント計画書,人的資源マネジメント計画書,プロジェクトスコープ記述書,スケジュールマネジメント計画書
プロジェクトにおける役割、責任、必要なスキルを特定して記述している,R1A051,人的資源マネジメント計画書,プロジェクトスコープ記述書,スケジュールマネジメント計画書,コストマネジメント計画書
キャッシュメモリに使用,R1A060,SRAM,DRAM,-,-
主記憶に使用,R1A060,DRAM,SRAM,-,-
別の利用者のブログ記事へのリンクを張ると、リンクが張られた相手に対してその旨を通知する仕組み,R1A069,トラックバック,コメント投稿サービス,ソーシャルブックマーク,ソーシャルボタン
一般利用者が、気になるニュースへのリンクやコメントなどを投稿するサービス,R1A069,コメント投稿サービス,ソーシャルブックマーク,ソーシャルボタン,トラックバック
ネットワーク上にブックマークを登録することによって、利用価値の高いWebサイト情報を他の利用者と共有するサービス,R1A069,ソーシャルブックマーク,ソーシャルボタン,トラックバック,コメント投稿サービス
ブログに貼り付けたボタンをクリックすることによって、SNSなどのソーシャルメディア上でリンクなどの情報を共有する機能,R1A069,ソーシャルボタン,トラックバック,コメント投稿サービス,ソーシャルブックマーク
ITの活用によって、個人の学習履歴を蓄積、解析し、学習者一人一人の学習進行度や理解度に応じて最適なコンテンツを提供することによって、学習の効率を高める仕組み,R4004,アダプティブラーニング,タレントマネジメント,ディープラーニング,ナレッジマネジメント
(売上総利益)-(販売費及び一般管理費),R4030,営業利益,売上総利益,税引き前当期純利益,当期純利益
(売上高)-(売上原価),R4030,売上総利益,税引き前当期純利益,当期純利益,営業利益
(経常利益)+(特別利益)-(特別損失),R4030,税引き前当期純利益,当期純利益,営業利益,売上総利益
(税引き前当期純利益)-(法人税、住民税及び事業税),R4030,当期純利益,営業利益,売上総利益,税引き前当期純利益
電気通信分野の国際標準化機関,R3002,ITU,ICANN,IEC,IEEE
企業内のさまざまなシステムに蓄積されている定型又は非定型的なデータを、一元的に検索するための仕組み,R3004,エンタープライズリサーチ,コーパス,スキャナ,-
自然言語処理を実現するための基礎データともなる、電子化された大量の例文データベース,R3004,コーパス,スキャナ,エンタープライズリサーチ,-
写真や書類などを工学的に読み取り、ディジタルデータ化するための画像入力装置,R3004,スキャナ,エンタープライズリサーチ,コーパス,-
情報システムや業務プロセスの現状を把握し、あるべき企業の姿とのギャップを埋めるための目標を設定し、全体最適化を図ること,R3004,エンタープライズアーキテクチャ,,,
ソフトウェアやハードウェアなどの各種リソースを、インターネットなどのネットワークを経由して、オンデマンドでスケーラブルに利用すること,R3005,クラウドコンピューティング,集中処理システム,EUC,グリッドコンピューティング
システム全体を管理する大型汎用機などのコンピュータに、データを一極集中させて処理すること,R3005,集中処理システム,EUC,グリッドコンピューティング,クラウドコンピューティング
情報システム部門以外の人が自らコンピュータを操作し、自分や自部門の業務に役立てること,R3005,EUC,グリッドコンピューティング,クラウドコンピューティング,集中処理システム
ネットワークを介して、複数台のコンピュータに処理を分散させ、処理結果を共有すること,R3005,グリッドコンピューティング,クラウドコンピューティング,集中処理システム,EUC
同一難易度の複数プログラムから成るソフトウェアのテスト工程での品質管理において、各プログラムの単位ステップ数あたりのバグ数をグラフ化し、上限・下限の限界値を超えるものを異常なプログラムとして検出したい。作成する図として適切なもの,R3040,管理図,特性要因図,パレート図,レーダーチャート
システム開発プロジェクトにおいて、利用者から出た要望に対応するために、プログラムを追加で作成することになった。このプログラムを作成するにあたり。先行するプログラムの作成を終えたプログラマを割り当てることにした、そして、結合テストの開始予定日までに全てのプログラムが作成できるようにスケジュールを変更し、新たな計画をプロジェクト内に周知した。このように、変更要求をマネジメントする活動。,R3042,プロジェクト結合マネジメント,プロジェクト資源マネジメント,プロジェクトスコープマネジメント,プロジェクトスケジュールマネジメント
ITサービスの提供とサポートに対して、ベストプラクティスを提供している,R3045,ITIL,共通フレーム,CMMI,PMBOK
ITシステム開発とその取引の適正化に向けて、作業項目を一つ一つ定義し、標準化している,R3045,共通フレーム,CMMI,PMBOK,ITIL
ソフトウェア開発組織の成熟度を他段階のレベルで定義している,R3045,CMMI,PMBOK,ITIL,共通フレーム
プロジェクトマネジメントの知識を体系化している,R3045,PMBOK,ITIL,共通フレーム,CMMI
システム開発プロジェクトにおいて、成果物として定義された画面・帳簿の一覧と、実際に作成された画面・帳簿の数を比較して、開発中に生じた差異とその理由を確認するプロジェクトマネジメント活動,R3047,プロジェクトスコープマネジメント,プロジェクト資源マネジメント,プロジェクト調査マネジメント,プロジェクト品質マネジメント
自社の事業内容、組織の特性及び所有する情報資産の特徴を考慮して策定する,R3096,情報セキュリティ方針,,,
売上高/平均在庫高,H28A017,在庫回転率,在庫回転期間,総資産回転率,-
平均在庫高/売上高,H28A017,在庫回転期間,総資産回転率,在庫回転率,-
売上高/総資産,H28A017,総資産回転率,在庫回転率,在庫回転期間,-
季語用や組織のビジョンと戦略を、四つの視点（”財務の視点”、”顧客の視点”、業務プロセスの視点”、”成長と学習の視点”）から具体的な行動へと変換して計画・管理し、戦略の立案と実行・評価を支援するための経営管理手法,R2006,BSC,バリューチェーン,PPM分析,SWOT分析
製品やサービスを顧客に提供するという企業活動を、調達、開発、製造、販売、サービスといったそれぞれの業務が、一連の流れの中で順次、価値とコストを付加・蓄積していくものと捉え、この連鎖的活動によって顧客に向けた最終的な”価値”は生み出されるとする考え方,R2006,バリューチェーン,PPM分析,SWOT分析,BSC
多種類の製品を生産・販売したり、複数の事業を行ったりしている企業が、戦略的観点から経営資源の配分が最も効率的・効果的となる製品・事業相互の組み合わせを決定するための経営手法のこと,R2006,PPM分析,SWOT分析,BSC,バリューチェーン
目標を達成するために意思決定を行う組織や個人の、プロジェクトやベンチャービジネスなどにおける、強み、弱み、機会、脅威を評価するのに用いられる経営戦略手法,R2006,SWOT分析,BSC,バリューチェーン,PPM分析
機能を実現するために考え出された独創的な発明,R2016,特許法,意匠法,商標,-
新製品の形状、模様、色彩など、斬新的な発想で創作されたデザイン,R2016,意匠法,商標,特許法,-
新製品発表に向けて考えださえれた新製品のブランド名,R2016,商標,特許法,意匠法,-
企業間での商取引の情報の書式や通信手順を統一し、電子的に情報交換を行う仕組み,R2027,EDI,EIP,ERP,ETC
機能追加に対応するために、納期を変更するか要員を追加するかを検討する,R2040,プロジェクト結合マネジメント,プロジェクトコストマネジメント,プロジェクトスコープマネジメント,プロジェクトスケジュールマネジメント
機能追加に掛かる費用を見積もり、必要な予算を確保する,R2040,プロジェクトコストマネジメント,プロジェクトスコープマネジメント,プロジェクトスケジュールマネジメント,プロジェクト結合マネジメント
機能追加のために必要な作業や成果物を明確にし、WBSを更新する,R2040,プロジェクトスコープマネジメント,プロジェクトスケジュールマネジメント,プロジェクト結合マネジメント,プロジェクトコストマネジメント
機能追加のための処方期間を見積もり、スケジュールを変更する,R2040,プロジェクトスケジュールマネジメント,プロジェクト結合マネジメント,プロジェクトコストマネジメント,プロジェクトスコープマネジメント
プロジェクトのゴールなどを検討するに当たり、集団でアイディアを出し合った結果をグループ分けして体系的に整理する手法,R2053,親和図法,インタビュー,ブレーンストーミング,プロトタイプ
プロジェクトのゴールなどを検討するに当たり、集団でアイディアを出し合った結果をグループ分けして体系的に整理する手法,R2053,KJ法,インタビュー,ブレーンストーミング,プロトタイプ
Iotデバイスから送られてくる外気温のデーだを受信する,R2099,センター,Iotサーバー,Iotデバイス,アクチュエーター
Iotデバイスに対して窓の開閉指示を送信する,R2099,Iotサーバー,Iotデバイス,アクチュエーター,センター
外気温を電気信号に変換するIotを構成する要素,R2099,Iotデバイス,アクチュエーター,センター,Iotサーバー
窓を開閉するIotを構成する要素,R2099,アクチュエーター,センター,Iotサーバー,Iotデバイス
A社では営業部員の行動予定を把握したい。この時に利用するソフトウェア,H30H013,グループウェア,CRMソフトウェア,EPRソフトウェア,SCMソフトウェア
受発注や決済などの業務で、ネットワークを利用して企業間でデータをやり取りするもの,H30H022,EDI,B to C,CDN,SNS
技術開発戦略の立案、技術開発計画の策定などを行うマネジメント分野,H30H028,MOT,M&A,MBA,MBO
開発したシステムの利用者や、開発部門の担当者などのプロジェクトに関わる個人や組織,H30H036,ステークホルダー,プロジェクトスポンサー,リスク,プロジェクトスコープ
システム開発の費用を負担するスポンサ,H30H036,プロジェクトスポンサー,リスク,プロジェクトスコープ,ステークホルダー
プロジェクトにマイナスの影響を与える可能性のある事象又はプラスの影響を与える可能性のある事象,H30H036,リスク,プロジェクトスコープ,ステークホルダー,プロジェクトスポンサー
プロジェクトの成果物や、成果物を作成するために行う作業,H30H036,プロジェクトスコープ,ステークホルダー,プロジェクトスポンサー,リスク
システム監査の実施後に、評価結果を受けて被監査部門がまとめるもの,H30H042,改善計画書,監査証拠,サービスレベル合意書,システム監査報告書
SSL/TLSによる通信内容の暗号化を実現させるために用いるもの,H30H057,サーバ証明書,ESSID,WPA2,ファイアウォール
ノートPCやタブレット端末などに接続して利用する機能拡張用の機器であり、シリアルポートやパラレルポート、HDMI端子、LAN端子などの複数種類の接続端子をもつもの,H30H071,ポートリプリケータ,PS/2ポート,USBハブ,拡張スロット
IEEE 802. 11伝送規格を使用した異なるメーカの無線LAN製品同士で相互接続性が保証されていることを示すブランド名,H30H088,Wi-Fi,MVNO,NFC,WPA2
利用者は最初に1回だけ認証を受ければ、許可されている複数のサービスを利用できるので、利便性が高い,H30H091,シングルサインオン,RAID,二要素認証,シンクライアントシステム
データを保存するときに、データは複数のディスクに自動的に分散配置されるので、可用性が高い,H30H091,RAID,二要素認証,シンクライアントシステム,シングルサインオン
パスワードに加えて指紋や虹彩による認証を行うので、機密性が高い,H30H091,二要素認証,シンクライアントシステム,シングルサインオン,RAID
データの処理や保存などがサーバ側で行われ、端末内にデータが残らないので、情報漏洩対策として効果的である,H30H091,シンクライアントシステム,シングルサインオン,RAID,二要素認証
情報漏洩などの犯罪に対する法的証拠となりうるデータを収集して保全する,H30H097,ディジタルフォレンジング,,,
コーポレートガバナンスに基づく統制を評価する対象,H30A010,取締役会の実効性,執行役員の業務成績,会社員の勤務時間,当該企業の法人株主である企業における財務の健全性
営業秘密となっている他社の技術情報を、第三者から不正に入手した,H30A032,不正競争防止法,著作権法,個人情報保護法,-
会社がライセンス購入したソフトウェアパッケージを、不正に個人のPCにインストールした,H30A032,著作権法,個人情報保護法,不正競争防止法,-
キャンペーン応募者の個人情報を、本人に無断で他の目的に利用した,H30A032,個人情報保護法,不正競争防止法,著作権法,-
一つのアプリケーションプログラムを複数の処理単位に分けて、それらを並列に処理すること,H30A059,マルチスレッド,マルチコアプロセッサ,仮想記憶,ストライピング
CPUに複数のコア（演算回路）を搭載していること,H30A059,マルチコアプロセッサ,仮想記憶,ストライピング,マルチスレッド
ハードディスクなどの外部記憶装置を利用して、主記憶よりも大きな容量の記憶空間を実現すること,H30A059,仮想記憶,ストライピング,マルチスレッド,マルチコアプロセッサ
一つのデータを分割して、複数のハードディスクに並列に書き込むこと,H30A059,ストライピング,マルチスレッド,マルチコアプロセッサ,仮想記憶
内部ネットワーク内のPCに代わってインターネットに接続する,H30A064,プロキシサーバ,DNS,DHCP,NAT
ドメイン名とIPアドレスの対応関係を管理する,H30A064,DNS,DHCP,NAT,プロキシサーバ
ネットワークに接続するために必要な情報をPCに割り当てる,H30A064,DHCP,NAT,プロキシサーバ,DNS
プライベートIPアドレスとグローバルIPアドレスを相互変換する,H30A064,NAT,プロキシサーバ,DNS,DHCP
一定期間又は一定量のデータを集め、一括して処理する方式,H30A094,バッチ処理,リアルタイム処理,分散処理,対話型処理
データの処理要求があれば即座に処理を実行して、制限時間内に処理結果を返す方式,H30A094,リアルタイム処理,分散処理,対話型処理,バッチ処理
複数のコンピュータやプロセッサに処理を分散して、実行時間を短縮する方式,H30A094,分散処理,対話型処理,バッチ処理,リアルタイム処理
利用者からの処理要求に応じて、あたかも対話をするように、コンピュータが処理を実行して作業を進める処理方式,H30A094,対話型処理,バッチ処理,リアルタイム処理,分散処理
社内でPDCAサイクルを継続的に運用するという方法によって、製造部門における歩留りの向上を実現した。この事例のが示すような業務改善の考え方,H29A006,BPM,ASP,BPO,SFA
企業経営に携わる役職の一つで財務に対して責任を持っている役職,H29A023,CFO,CTO,CIO,CHO
企業経営に携わる役職の一つで技術に対して責任を持っている役職,H29A023,CTO,CIO,CHO,CFO
企業経営に携わる役職の一つで情報に対して責任を持っている役職,H29A023,CIO,CHO,CFO,CTO
企業経営に携わる役職の一つで人事に対して責任を持っている役職,H29A023,CHO,CFO,CTO,CIO
自社が保有する複数の事業への経営資源の配分を最適化するために「市場成長率と市場シェア」を評価軸として行う分析,H29A029,PPM,技術資源分析,アンゾフの成長マトリクス,SWOT分析
自社が保有する複数の事業への経営資源の配分を最適化するために「技術と製品」を評価軸として行う分析,H29A029,技術資源分析,アンゾフの成長マトリクス,SWOT分析,PPM
自社が保有する複数の事業への経営資源の配分を最適化するために「製品と市場」を評価軸として行う分析,H29A029,アンゾフの成長マトリクス,SWOT分析,PPM,技術資源分析
自社が保有する複数の事業への経営資源の配分を最適化するために「強み・弱みと機会・脅威」を評価軸として行う分析,H29A029,SWOT分析,PPM,技術資源分析,アンゾフの成長マトリクス
顧客のニーズに合致したサービスを提供するために、組織が情報システムの運用の維持管理及び継続的な改善を行なっていく取り組み,H29A052,ITサービズマネジメント,ITガバナンス,サービスデスク,プロジェクトマネジメント
電気的に書換え可能な、不揮発性のメモリ,H29A067,フラッシュメモリ,UV-EPROM,SRAM,DRAM
紫外線を利用してデータを消去し、書き換えることができるメモリ,H29A067,UV-EPROM,SRAM,DRAM,フラッシュメモリ
データ読み出し速度が速いメモリで、CPUと主記憶の性能差を埋めるキャッシュメモリ,H29A067,SRAM,DRAM,フラッシュメモリ,UV-EPROM
リフレッシュ動作が必要なメモリで、主記憶によく使われる,H29A067,DRAM,フラッシュメモリ,UV-EPROM,SRAM
アプリケーションプログラミヤデバイスドライバなどを安全に配布したり、それらが不正に改善されていないことを確認したりするために利用するもの,H29A072,コード署名,SMRP,WPA2,電子透かし
通常使用される主系と、その主系の故障に備えて待機しつつ他の処理を実行している従系の二つから構成されるコンピュータシステム,H29A087,デュプレックスシステム,クライアントサーバシステム,デュアルシステム,ピアツーピアシステム
一連のプロセスにおけるボトルネックの解消などによって、プロセス全体の最適化を図ることを目的とする考え方,H29H006,TOC,CRM,HRM,SFA
データの流れに着目し、業務のデータの流れと処理の関係を表記する,H29H014,DFD,状態遷移図,E-R図,UMLのクラス図
時間の経過や状態の変化に伴う、システムの状態の遷移を表記する,H29H014,状態遷移図,E-R図,UMLのクラス図,DFD
システムで扱う実体同士を関連づけて、データの構造を表記する,H29H014,E-R図,UMLのクラス図,DFD,状態遷移図
システムを構成する要素の属性や操作、要素同士の関係を表記する,H29H014,UMLのクラス図,DFD,状態遷移図,E-R図
組織の業務プロセスの効率的、効果的な手順を考え、その実行状況を監視して問題点を発見、改善するサイクルを継続的に繰り返すこと,H29H029,BPM,BCP,SCM,BPR
地震、火災、IT障害及び疫病の流行などのリスクを洗い出し、それが発生した時にも業務プロセスが停止しないように、あらかじめ対処方法を考えておくこと,H29H029,BCP,SCM,BPR,BPM
製品の供給者から消費者までをつなぐ一連の業務プロセスの最適化や効率の向上を図り、顧客のニーズに応えるとともにコストの低減などを実現すること,H29H029,SCM,BPR,BPM,BCP
組織、職務、業務フロー、管理体制、情報システムなどを抜本的に見直して、業務プロセスを再構築すること,H29H029,BPR,BPM,BCP,SCM
経営目標を達成するために、情報システム戦略を策定し、戦略の実行を統制すること,H29H040,ITガバナンス,-,-,-
１台のPCで、複数のアプリケーションプログラムを少しずつ互い違いに並行して実行するOSの機能,H29H073,マルチタスク,仮想現実,デュアルコア,デュアルシステム
通信が急増し、ネットワークの許容量を超え、つながりにくくなること,H29H096,輻輳,パケット消失,ルーティングテーブル,ブロードキャスト
回線の接続が一瞬途切れ、通信データのパケットが消失すること,H29H096,パケット消失,ルーティングテーブル,ブロードキャスト,輻輳
経路情報が書き換えられ、通信データが誤った宛先に届くこと,H29H096,ルーティングテーブル,ブロードキャスト,輻輳,パケット消失
一つのパケットを不特定多数のノードに対して同時に送信すること,H29H096,ブロードキャスト,輻輳,パケット消失,ルーティングテーブル